[null,{"name":"WelcomeMessage","temp":"member","event-type":"6","actions":[{"info":"1","find":"${serverVars(\"welcome\")}","storage":"1","varName":"receptionjoin2","name":"Find Channel"},{"channel":"5","varName":"receptionjoin2","message":"Welcome ${tempVars(\"member\")}. Please read #role-choices and grab some roles. And join #general chat!","storage":"1","varName2":"joindel2","name":"Send Message"},{"time":"5","measurement":"2","name":"Wait"},{"storage":"1","varName":"joindel2","name":"Delete Message"}],"_id":"evPvB"},{"name":"NewEvent","temp":"msg","event-type":"2","_id":"UGFdI","actions":[{"member":"2","varName":"","dataName":"coins","defaultVal":"0","storage":"1","varName2":"lool","name":"Store Member Data"},{"channel":"4","varName":"","message":"${tempVars(\"lol\")}\n---\n${member}","storage":"0","varName2":"","name":"Send Message"}]},{"name":"NewMessage","temp":"member","event-type":"2","actions":[{"member":"2","varName":"member","dataName":"coins","changeType":"1","value":"1","name":"Control Member Data"},{"storage":"1","varName":"member","comparison":"5","value":"l0l1","iftrue":"0","iftrueVal":"","iffalse":"3","iffalseVal":"1","name":"Check Variable"}],"_id":"OMEpq"}]